ALBE01;Iberia,Navarra,Suite espagnole;ALBENIZ;0
ANDR01;Concerto pour trompette;ANDRE Maurice;0
BACH01;Concerto brandegourgeois n°4,5,6;BACH J.S.;0
BACH02;Cponcertos brandebourgeois n°1,2,3;BACH J.S.;0
BACH03;4 ouvertures/suites;BACH J.S.;0
BACH04;Concerto pour violon;BACH J.S.;0
BACH05;Suite pour viloncelle seul;BACH J.S.;0
BACH06;Sonates et partitas pour violon solo;BACH J.S.;0
BACH07;Variations Goldberg;BACH J.S.;0
BART01;Music for string,percussion,celesta;BARTOK/HINDEMITH;0
BEET01;Symphonie n°9;BEETHOVEN Ludwig Van;0
BEET02;Sonates pour piano/Pathétique ...;BEETHOVEN;0
BEET03;Symphonies n°5 et 7;BEETHOVEN;0
BEET04;Piano concertos n° 4 et 5;BEETHOVEN;0
BEET05;Triple concerto, double concerto;BEETHOVEN/BRAHMS;0
BEET06;Trios;BEETHOVEN/SCHUBERT;0
BEET07;Les sonates pour piano et voloncelle;BEETHOVEN;0
BEET08;Les derniers quatuors à corde;BEETHOVEN;0
BELL01;I puritani (Callas);BELLINI;0
BRAH01;Klavierstuck op119 Fantasien op116;BRAHMS Johanne;0
BRAH02;Concerto pour piano n°1;BRAHMS;0
BRAH03;Quintettes, sextettes;BRAHMS;0
BRUC01;Symphonie n° 4;BRUCKNER Anton;0
CABA01;Eternal Caballe;CABALLE Montserrat;0
CALL01;Maria Callas l'incomparable;CALLAS Maria;0
CHOP01;Les valses barcarolle nocturnes;CHOPIN;0
CHOP02;Sonates pour piano 2 et 3;CHOPIN;0
CHOP03;Les 2 concertos pour piano;CHOPIN;0
DEBU01;Preludes vol 1;DEBUSSY Claude;0
DEBU02;La mer, Nocturnes;DEBUSSY;0
DEBU03;Preludes vol 2;DEBUSSY;0
DEBU04;Budapest string quartet;DEBUSSY RAVEL;0
DVOR01;String quartet n°12,Piano quintet;DVORAK;0
FALL01;Nuits dans les jardins d'Espagne;FALLA Manuel de;0
FAUR01;Les 13 Barcarolles;FAURE Gabriel;0
FRAN04;Symphonie en ré mineur;FRANCK Cesar;0
GOUN01;Mireille;GOUNOD;0
GRAN01;Goyescas;GRANADOS;0
GREG01;Chants gregoriens par Dellerrt;GREGORIEN;0
HAYD01;Horn concerto n°1 Organ concerto n°1;HAYDN;0
HAYD02;Trois quattors;HAYDN;0
LALO01;Symphonie espagnole;LALO;0
LISZ01;Concertos pour piano 1 et 2;LISZT Francz;0
LISZ02;Etudes d'exécution transcendante;LISZT;0
LISZ03;Sonate en si mineur;LISZT;0
MAHL01;Le chant de la terre;MAHLER G.;0
MEND01;Concertos pour violon et orch.;MENDELSSOHN / TCHAIKOWSKY;0
MILH01;Scaramouche etc...;MILHAUD Darius;0
MOIS01;Chants grégoriens;MOISNES DE SOLESNES;0
MONT04;Vespro della Beata Vergine;MONTEVERDI Claudio;0
MOUS01;Tableaux d'un exposition;MOUSSORGKY;0
MOUS02;Boris Godounov;MOUSSORGKY;0
MOUS03;Une nuit sur le mont chauve;MOUSSORGSKY;0
MOZA01;Qu n°19 Dissonant, Qu n°14;MOZART / SCHUBERT;0
MOZA02;Concertos piano n°25 et 19;MOZART;0
MOZA03;Sonate quintette clarinette;MOZART;0
MOZA04;Concertos pour instruments à vent;MOZART;0
MOZA05;Don Juan;MOZART;0
MOZA06;The flute quartets;MOZART;0
MOZA07;Piano quartets;MOZART;0
MOZA08;Sonatees violon et piano k 303 ...;MOZART;0
MOZA09;Les noces de Figaro;MOZART;0
MOZA10;Qu 18 19;MOZART;0
MOZA11;Qu 16 17;MOZART;0
MOZA12;Qu 3 14 15;MOZART;0
OPER01;Revue de l'opérette française;OPERETTE;0
ORFF01;Carmina burana;ORFF Carl;0
PACH01;Canon/Adagio;PACHELBEL/ALBINONI;0
PAVA01;Tout Pavaroti;PAVAROTI;0
PUCC01;Madame Butterfly (Callas);PUCCINI;0
RACH01;24 préludes / Sonata n° 2;RACHMANINOV;0
RAMI01;Misa criolla;RAMIREZ;0
RAVE01;Boléro, Pavane, Daphnis et Chloé;RAVEL;0
RAVE02;Pianos concertos fantaisie;RAVEL FAURE FRANCK;0
RAVE03;L'oeuvre pour piano seul;RAVEL;0
RAVE04;Quators à cordes;RAVEL DEBUSSY;0
ROSS02;Ouvertures;ROSSINI;0
SAIN01;Symphonie n°3 avec orgue;SAINT SAENS Camille;0
SATI01;3 gymnopédies et autres oeuvres;SATIE;0
SCAR01;18 sonates;SCARLATTI;0
SCHU01;Etudes symphoniques Arabesque;SCHUMAN;0
SCHU02;Kreisleriana Kinderszenen;SCHUMAN;0
SCHU03;Forellenquintet La truite;SCHUBERT;0
SCHU04;Concertos pour piano;SCHUMAN GRIEG;0
SCHU05;Impromptus opp 90 142;SCHUBERT;0
SCHU06;Lieder;SCHUBERT;0
SCHU07;trio op 63;SCHUMAN SCHUBERT;0
SCHU08;Quartet, quintet for piano & strings;SCHUMAN;0
SHOS01;Symphonie n°10;SHOSTAKOVITCH;0
SHOS02;Symphonie n°14;SHOSTAKOVITCH;0
STRA02;Le sacre du printemps, Petrouchka;STRAVINSKY;0
STRA03;Valses;STRAUSS Johann;0
STRA04;Lieder (Malven...);STRAUSS Richard et NORMAN;0
TCHA01;1812, Roméo and Juliette, Wellington;TCHAIKOWSKY BEETHOVEN;0
TOCC01;Grandes toccatas pour orgue;TOCCATAS;0
VERD01;Rigoletto;VERDI Giuseppe;0
VERD02;La Traviata;VERDI Giuseppe;0
VIVA01;Les quatre saisons;VIVALDI;0
VIVA02;Cantates et airs italiens;VIVALDI;0
WAGN01;Les maitres chanteurs de Nuremberg;WAGNER Richard;0
WAGN02;La walkirie;WAGNER;0
ALLI01;hand me down my moonshine;ALLISON Luther;2
ARMS01;Performances 1923 1931;ARMSTRONG Louis;2
ARMS02;The great reunion;ARMSTRONG ELLINGTON;2
BAKE01;Chet;BAKER Chet;2
BAKE02;Chet in Paris Vol 1;BAKER Chet;2
BAKE03;Chet in Paris Vol 4;BAKER Chet;2
BASI01;E=MC2;BASIE Count;2
BASI02;April in Paris;BASIE Count;2
BASI03;Satch and Josh;BASIE PETERSON;2
BECH01;Portraits;BECHET Sydney;2
BRID01;Keeping trdition;BRIDGEWATER Dee Dee;2
BURR01;Guitar forms;BURREL Kenny;2
CANN01;Know what I mean;CANNONBAL Aderly;2
CHAR02;The right time;CHARLES Ray;2
CHAR03;My world;CHARLES Ray;2
COLT01;Bye bye blackbird;COLTRANE John;2
CONN01;France, I wish you love;CONNICK Jr Harry;2
DAVI01;Kind of blue;DAVIS Miles;2
DAVI02;Ascenseur pour l'échafaud;DAVIS Miles;2
DAVI03;Tutu;DAVIS Miles;2
ELLI01;Featuring Paul Gonsalves;ELLINGTON Duke;2
EVAN01;Alone 'again);EVANS Bill;2
EVAN02;At the village Vanguard;EVANS Bill Trio;2
EVAN03;Intermodulation;EVANS HALL;2
FITZ01;These are the blues;FITZGERALD Ella;2
FITZ02;Ella and Louis;FITZGERALD Ella;2
FLAN01;Super session;FLANAGAN,RED,MITCHEL;2
GERS01;Rhapsody in blue/ An american in Paris;GERSHWIN Georges;2
GERS02;Porgy and Bess;GERSHWIN Georges;2
GETZ01;Featuring Antonio Carlo Jobim;GETZ, GILBERTO;2
GETZ02;For musician only;GETZ, GILLEPSIE, STITT;2
GIAN01;Giantz of jazz play Brassens;GIANTS of Jazz;2
GOLD01;Travelin' shoes;GOLDEN GATE QUARTET;2
GORD01;Blows and cool;GORDON Dexter;2
GRAP01;Grappeli in Tokyo;GRAPPELI Stephane;2
GUIT01;Blue Guitar Album;Various Artist;2
GUIT02;Album;GUITAR BLUE;2
HAMP01;Made in Japan;HAMPTON Lionel;2
HEND02;Me and my shadow;HENDRICKS Michele;2
HOLI01;Billie's best;HOLIDAY Billie;2
HOOK01;It serve you right to suffer;HOOKER John Lee;2
JACK03;The story;JACKSON Mahalia;2
JARR01;Facing you;JARRETT Keith;2
JARR02;The Koln concert;JARRETT Keith;2
JAZZ01;Jazz à tous les étages;BRUBECK MILLER;2
JAZZ02;Jazz on Barclay;Divers;2
JONE01;Youngblood$;JONES Elvin;2
JOPL01;Original piano rolls 1899-1916;JOPLIN Scott;2
KING01;I'll play the blues for you;KING Albert;2
LUTE01;Saint Germain dance;LUTER Claude;2
MAHA01;Birds on fire;MAHAVISHNU ORCHESTRA;2
MEMP01;All kinds of blues;MEMPHIS Slim;2
MILL01;In the digital moon;The Glenn MILLER Orch.;2
MJQU01;Echoes;Modern Jazz Quartet;2
MONK01;Plays Duke Ellington;MONK Thelenious;2
MONK02;In action;MONK Thelenious;2
MONT02;Movin wes;MONTGOMERY Wes;2
MONT03;Full house;MONTGOMERY Wes;2
ORNI01;Jazz cartoons;ORNICAR BIG BAND;2
PARK01;Bird 47;PARKER Charlie;2
PETE01;Live from Chicago;PETERSON BROWN ...;2
PORT01;Any way;PORTAL Michel;2
REIN01;Live;REINHARDT Babick;2
SIMO01;Let it be me;SIMONE Nina;2
STEW01;Black and blue;STEWART Slam;2
TATU01;Tatum group masterpieces;TATUM Art;2
VAUG01;The divine;Vaughan Sarah;2
WATS01;The essantial Doc Watson;WATSON Doc;2
WILE01;La note bleue;WILEN Barney;2
YOUN01;The jazz giantz;YOUNG Lester;2
YOUN02;Early Modern;YOUNG,PARKER,GILLEPSIE;2
YOUN03;Pres and Teddy;YOUNG L et WILSON T;2
ABBA01;Story;ABBA;1
ACDC01;Highway to hell;AC/DC;1
BEAT01;Sergent Peppers;BEATLES;1
BECK01;Wired;BECK Jeff;1
BERG04;TYCON (Starmania anglais);BERGER M./ PLAMONDON L./ ;1
BERR01;20 greatest hits;BERRY Chuck;1
BLON01;The very best of;BLONDIE;1
BOWI01;The singles collection (2 CD);BOWIE David;1
BROT01;The definitive collection;Blues BROTHERS;1
BROW01;Compilation;BROWN James;1
BUFF01;Fuzzy;BUFFALO Grant Lee;1
CARM01;The drum is everything;CARMEL;1
CART01;All the best;McCARTNEY Paul;1
CELE01;Rock;CELENTANO Adrian;1
CHAP01;Crossroads;CHAPMAN Tracy;1
CLAP01;E C was here;CLAPTON Eric;1
COCK01;Joe Cocker Live;COCKER Joe;1
COMP01;de 1966 à 1975;Compilation;1
CREE01;Concert;CREEDENCE CLEARWATER REVI;1
CROS01;Déjà vu;CROSBY STILLS NASH & YOUN;1
CURE01;Kiss me;The CURE;1
DIRE01;Sultans of swing;DIRE STRAITS;1
DIRE02;Love over gold;DIRE STRAITS;1
DIRE03;Communique;DIRE STRAITS;1
DIRE04;Brothers in arms;DIRE STRAITS;1
DOOR01;L A Women;The DOORS;1
DYLA01;Subterranean homesick blues;DYLAN Bob;1
EAGL01;The legend of Eagles;EAGLES;1
EAGL02;The very best of;EAGLES;1
FERR01;Boys and girls;FERRY Bryan;1
FLEE01;Rumours;FLEETWOOD Mac;1
FOLK01;Le top du folk;FOLK;1
FRAN02;Lady soul;FRANKLIN Aretha;1
GABR01;So;GABRIEL Peter;1
GAYE01;Let's get it on;GAYE Marvin;1
GENE01;Selling England by the pound;GENESIS;1
GENE02;We can''t dance;GENESIS;1
HALE01;Oh what a world;HALE Terry Lee;1
HARP01;Welcome to the cruel world;HARPER Ben;1
HEND01;Electric Ladyland;HENDRIX Jimi;1
JACK01;Dangerous;JACKSON Michael;1
JACK02;Thriller;JACKSON Michael;1
JARR04;Breakin'away;JARREAU Al;1
JARR05;Tenderness;JARREAU Al;1
JJCA01;Shades;JJ CALE;1
JJCA02;Grasshopper;JJ CALE;1
JOHN01;The one;JOHN Elton;1
JOHN02;Don't shoot me ...;JOHN Elton;1
JONE02;Chuck E S in love;JONES Rickie Lee;1
KING02;Wrap around joy;KING Carole;1
KNIG01;Yours;Mac KNIGHT Brian;1
KOOL01;Greatest hits;KOOL and the Gang;1
KOOL02;Anthology;KOOL & THE GANG;1
LAUP01;She's so unusual;LAUPER Cyndi;1
LENN01;Imagine;LENNON John;1
MADO01;Like a virgin;MADONNA;1
MANO01;Casa Babylon;MANO NEGRA;1
MERC01;Barcelona;MERCURY Freddy et MONTSER;1
MIDL01;The Rose;MIDLER Bette & BATES Alan;1
MILL02;Fly like an eagle;MILLER Steve;1
NOTT01;Pressumed having a good time;The NOTTING HILLBILLIES;1
PART01;Les plus grands moments du Country;PARTON;1
PATT01;Nomades;PATTI Guesch;1
PINK01;Dark side of the moon;PINK FLOYD;1
POLI01;Outlands d'amour;The POLICE;1
PRES01;Forever 32 hits;PRESLEY Elvis;1
QUEE01;Innuendo;QUEEN;1
QUEE02;Live at Wembley'86;QUEEN;1
REDD01;The dock of the bay;REDDING Otis;1
REDD02;The definitive collection;REDDING Otis;1
RICH01;Back to front;RICIE Lionel;1
ROCK01;Rock in fifties seventies;Various artists;1
ROCK02;Rock n' roll;Various artists;1
ROLL01;Let it bleed;ROLLING STONES;1
ROLL02;Sticky fingers;ROLLING STONES;1
ROLL03;Hot rocks 1;ROLLING STONES;1
ROSS01;Every great n°1 Hit;ROSS Diana & The Supremes;1
ROSS03;The ultimate collection;ROSS Diana;1
SADE01;Love deluxe;SADE;1
SANT01;Greatest hits;SANTANAS;1
SIMO02;Graceland;SIMON Paul;1
SOME01;The singles collection 1984/1990;SOMERVILLE Jimmy;1
SPRI01;Human touch;SPRINGSTEEN Bruce;1
SPRI02;Born in the USA;SPRINGSTEEN Bruce;1
STEV01;The very best of...;STEVENS Cat;1
STIN01;The soul cages;STING;1
STRA01;Feline;The STRANGLERS;1
STRE01;Back to Broadway;STREISAND Barbra;1
SUMM01;The Anthology;SUMMER Donna;1
SUPE01;Even in the quitest moments;SUPERTRAMP;1
TEXA01;Southside;TEXAS;1
THAC01;Trouble man;THACKERY Jimmy;1
TURN01;River deep, mountain high;TURNER Tina & Ike;1
UUUU01;The Joshua tree;U-2;1
VANG01;The friends of Mr Cario;VANGELIS;1
VANG02;Thèmes (musiques de films);VANGELIS;1
VELV01;-;The VELVET UNDERGROUND;1
WHOO01;Who's better, who's the best;The WHOO;1
WILD01;Teases and dares;WILDE Kim;1
WOND01;Innervisions;WONDER Stevie;1
WOOD01;Generation Woodstock;WOODSTOCK;1
ZEPP01;Led Zep II;ZEPPELIN Led;1
ZZTO01;Eliminator;ZZ TOP;1
ANNE01;Ullegara;ANNEGARN Dick;3
AUFR01;Master serie;AUFRAY Hugues;3
AZNA01;Disque d'or;AZNAVOUR Charles;3
BALA01;Compilation;BALAVOINE;3
BARB01;Chatelet 87 Vol 1;BARBARA;3
BARB02;Chatelet 87 Vol 2;BARBARA;3
BARB03;Versions originales 1;BARBARA;3
BARB04;Versions originales 2;BARBARA;3
BASH01;Live tour 85;BASHUNG;3
BEAU01;Preferences;BEAU DOMMAGE;3
BECA01;Une vie comme un roman;BECAUD Gilbert;3
BERG01;Starmania;BERGER Michel;3
BERG02;Les plus belles chansons;BERGER Michel;3
BERG03;Double jeu;BERGER Michel/ GALL Franc;3
BLAN01;Branle poumons;BLANCHARD Gérard;3
BRAS01;Les copains d'abord;BRASSENS Georges;3
BREL01;Quinze ans d'amour;BREL Jacques;3
CABR01;Sarbacane;CABREL Francis;3
CABR02;Samedi soir sur la terre;CABREL Francis;3
CHAM01;neuf;CHAMFORT Alain;3
CHAR01;Immensément;CHARLEBOIS Robert;3
CHAU01;Master série;Les CHAUSSETTES NOIRES;3
CHED01;Ces mots sont pour toi;CHEDID Louis;3
CLER01;Utile;CLERC Julien;3
COUT01;Victoria sprint;COUTURE Charlélie;3
COUT02;Les naives;COUTURE Charlélie;3
DAHO01;Paris ailleurs;DAHO Etienne;3
DASS01;23 succes;DASSIN Joe;3
DUTR01;Au casino 1992;DUTRONC Jacques;3
EICH01;Engelberg;EICHER Stephan;3
EICH02;Carcassone;EICHER Stephan;3
FERN01;500 anos;FERNANDEZ Nilda;3
FERN02;Ne me fais pas mal;FERNANDEZ Nilda;3
FERR02;Rimbaud Beethoven;FERRE Léo;3
FERR03;2 CD Les années Barclay;FERRAT Jean;3
FFFF01;Free For Fever;Fédération Française de F;3
FOLY01;Rêve orange;FOLY Liane;3
FOLY02;Les petites notes;FOLY Liane;3
FRAN01;10 ans déjà;FRANCOIS Claude;3
FRAN03;3 CD Succès de la chanson française;FRANCE;3
FRED01;C'est pas d'l'amour;FREDERICKS, GOLDMAN, JONE;3
FRED02;Rouge;FREDERICKS, GOLDMAN, JONE;3
GAIN01;Histoire de Melody Nelson;GAINSBOURG Serge;3
GAIN02;Love on the beat;GAINSBOURG Serge;3
GAIN03;Couleur café;GAINSBOURG Serge;3
GALL01;31 succes;GALL France;3
GOLD02;En public;GOLDMAN Jean Jacques;3
GREC01;A l'Olympia;GRECO Juliette;3
HALL01;Le srocks les plus terribles;HALLIDAY Johnny;3
HALL02;Compil Generation Rock & Roll;HALLIDAY etc;3
HALL03;Ca ne change pas un homme;HALLIDAY Johnny;3
HARD01;Décalages;HARDY Francoise;3
HIGE01;Alertez les bébés;HIGELIN Jacques;3
JARR03;Rendez vous;JARRE Jean Michel;3
JONA01;Les plus belles chansons;JONASZ Michel;3
KAAS01;Mademoiselle chante ;KAAS Patricia;3
LAFO01;Reconnaissances;LAFORET Marie;3
LALA01;Zenith 93;LALANNE Francis;3
LAPO01;Intégrale;LAPOINTE Boby;3
LAVI01;Nuit d'amour;LAVILLIERS Bernard;3
LAVO01;Ils s'aiment;LAVOIE Daniel;3
LECL01;J'ai vu le loup, le renard, le lion;LECLERC VIGNEAULT CHARLEB;3
LEFO01;Master série;LE FORESTIER Maxime;3
LEMA01;Chante Paris;LEMARQUE Francis;3
LEOT01;Chante Ferré;LEOTARD Philippe;3
LOUI01;Chacun de son coté;LOUIS TRIO (L'affaire...);3
MITC01;Tout Eddy;MITCHEL Eddy;3
MITC02;Rio Grande;MITCHELL Eddy;3
MONT01;Compilation;MONTAND Yves;3
MOUL01;Les femmes;MOULOUDJI;3
MOUL02;Chante Prévert;MOULOUDJI;3
MOUL03;Les meilleures chansons;MOULOUDJI;3
MURA01;Cheyenne autumn;MURAT Jean Louis;3
NEIL01;Seul dans ton coin;McNEIL David;3
NIAG01;Religion;NIAGARA;3
NOUG01;Compilation;NOUGARO Claude;3
NOUG02;Zenith 89  (2 CD);NOUGARO Claude;3
PERS01;Comme à la maison;PERSONNE Paul;3
PIAF01;Compact d'or;PIAF Edith;3
REGG01;Palais des congrès 1993;REGGIANI Serge;3
RENA01;Putain de camion;RENAUD;3
RENA02;Cante el'Nord;RENAUD;3
RIVA01;Le gout de l'eau;RIVARD Michel;3
SALV01;Master série;SALVADOR Henri;3
SANS01;Sans regret$;SANSON Véronique;3
SARD01;Les plus grandes chansons;SARDOU Michel;3
SHEL01;Sheller en solitaire;SHELLER BWilliam;3
SHEL02;Albion;SHELLER William;3
SOLA01;Prose combat;McSOLAR;3
SOUC01;Ultra moderne solitude;SOUCHON Alain;3
SOUC02;Nickel;SOUCHON Alain;3
TELE01;Un autre monde;TELEPHONE;3
TREN01;Disque d'or;TRENET Charles;3
TSFF01;Un p'tit air dans la tête;TST;3
VIAN01;1er Volume;VIAN Boris;3
VIGN01;Mets donc tes plus belles chansons ens;VIGNEAULT Gilles;3
VOIS01;Helene;VOISINE Roch;3
VOUL01;Compilation;VOULZY Laurent;3
ALDE01;Sortilèges de la harpe indienne;ALDERETE Ignacio;4
ALGE01;Ensembles folkloriques;ALGERIE;4
ALLA01;Foundou de Bechar (luth algérien);ALLA ;4
ANDE01;Ensemble nationaux: magie de la flute;ANDES;4
BRET01;musiques;BRETAGNE;4
CAJU01;Kings of cajun;CAJUN;4
CLEG01;This world child (Afrique Sud);CLEGG Johnny et SAVUKA;4
CLIF01;Samba reggae (jamaique);CLIFF Jimmy;4
CONT01;Aguaplano (Italie);CONTE Paolo;4
CONT02;Boogie (Italie);CONTE Paolo;4
CORS01;Chants corses;CORSE;4
DERV01;danses turques;DERVICHES TOURNEURS;4
DIYI01;Geste (turquie);DIYICI Senem;4
DOUR01;Eyes open (Sénégal);N'DOUR Youssou;4
DRUM01;Les tambourinaires du Burundi;DRUMMERS of BURUNDI;4
ESPE01;A capela (Brésil);ESPERANCA TRIO;4
FAIR01;Kifak inta (liban);FAIRUZ;4
GENS01;Des chansons et des enfants;GENS de LORRAINE;4
HYMN01;Hymnes nationaux du monde;HYMNES;4
INST01;Instruments de musique du monde;INSTRUMENTS;4
IONA01;O eratos (grec);IONATOS Angelique;4
IRLA01;Harpe irlandaise;IRLANDE;4
KASS01;Succès Vol.1 (Antilles);KASSAV;4
KENN01;To drive the cold winter away;McKENNIT Loreena;4
KOUN01;Salam (Sénégal-Gambie);KOUNDA Touré;4
MAKE01;Sing me a song (Afrique);MAKEBA Miriam;4
MARL01;Best of legend (Jamaique);MARLEY Bob;4
MEXI01;Viva mexico;MEXICO;4
PERF01;L'inoubliable (Antilles);PERFECTA;4
RODR01;Fados portuguais;RODRIGUES Amalia;4
SALS01;Viva salsa;SALSA;4
VINC01;Coquinement zouk;VINCENT Francky;4
VINI01;Toquinho y Vinicius (Brésil);VINICIUS DE MORAES;4
ZAMF01;Les plus grands thèmes;ZAMFIR Gheorghe;4
ZAMF02;Utopia;ZAMFIR Gheorghe;4
ARON01;Classic relaxation;ARON Eric;5
AZZO01;Paris musette;AZZOLA;5
BREG01;"film ""Arizona dream""";BREGOVIC Goran;5
DANS01;par orch. nat. français;DANSE;5
DEMO01;Best of ... vol 1;DEMONSTRATION;5
DEVO01;L'artiste;DEVOS Raymond;5
EFFE01;3 CD vol 1,2,3;EFFECTS SOUND;5
EFFE02;Vol2;EFFECT SOUND ;5
EFFE03;vol3;EFFECT SOUND ;5
FAME01;Musique du film Fame;FAME;5
FILM01;Meilleurs musiques de films;FILMS;5
MARA01;"film ""Tous les matins du monde""";MARAIS Martin;5
MUSE01;musette;MUSETTE;5
NOEL01;Petit Papa Noel de Vigneault;NOEL;5
PHIL01;Le petit prince;PHILIPPE Gérard;5
SERR01;"Musique du film ""Le grand bleu""";SERRA Eric;5
SKET01;Les plus grands sketches comiques;SKETCHES;5
SOUR01;Musiques traditionnelles du monde;SOURCES MUSICALES;5
TANG01;de Cavallero Marion;TANGOS;5
TANG02;de Duleu Edouard;TANGOS et PASO DOBLES;5
TRAD01;Anthologie traditionnelle Vol1,2 et 3;TRADITION;5
FORR01;The soundtrack;FORREST GUMP;5
HIGE02;Aux heros de la voltige;HIGELIN Jacques;3
CHRI01;The best of ..;The CHRISTIANS;1
PETR01;The blue note years;PETRUCCIANI Michel;2
ENZO01;Deux;ENZO Enzo;3
SALV02;Monsieur Henri;SALVADOR Henri;3
YOUN04;The crossing;YOUNG Paul;1
YOUN05;Acoustic;YOUNG Paul;1
CONN02;She;CONNICK Jr Harry;2
TORC01;Ensemble Vocal Romantica;TORCY;0
RAMI02;Misa Criolla;RAMIREZ;0
KARA01;Le concert dont vous êtes le héros;KARAOKE;5
KARA02;Les plus belles chansons françaises;KARAOKE;5
PETE02;The more I see you;PETERSON Oscar;2
SCOT01;Feelin' the groove;SCOTT Rhoda;2
MOOR01;Keb'Mo;MOORE K;2
BLUE01;lonesome;Blues divers;2
SERR02;Léon;SERRA Eric;5
PHIL02;Musique du film Philadelphia;PHILADELPHIA;5
BODY01;Musique du film The Bodyguard;The BODYGUARD;5
ESCO01;Gipsy Waltz;ESCOUDE Christian;2
ROSS04;Le Barbier de Séville;ROSSINI;0
PROK01;Roméo et Juliette;PROKOFIEV;0
SIMP01;Men and women;SIMPLY RED;1
MORR01;Days like this;MORRISON Van;1
TIKA01;Lovers in the city;TIKARAM Tanita;1
CHIE01;The long black veil;The CHIEFTAINS;1
BUCK01;Grace;BUCKLEY Jeff;1
WETW01;Picture this;WET WET WET;1
YOUN06;Decade$;YOUNG Neil;1
CRIM01;The concise;CRIMSON King;1
STIN02;Fields of gold;STING;1
ZUCC01;Spirito Di Vino;ZUCCHERO;1
JACK04;History (2 cd);JACKSON Michael;1
LOVE01;I love everybody;LOVETT Lyle;1
CARP01;Stones in the road;CARPENTER Mary Chapin;1
WHIT01;The icon is love;WHITE Barry;1
BOUC01;Ecoute petit frère!;Les Garcons BOUCHERS;3
LAMA01;Je ne veux pas parler;LAMA Serge;3
ENZO02;A donde voy?;ENZO Enzo;3
ALLI02;Simple & Funky;Alliance Ethnik;3
MAUR01;Une fille très scène;MAURANE;3
INDI01;Sacred spirit;INDIENS;4
EVOR01;Miss Perfumado (Cap Vert);EVORA Cesaria;4
DIBA01;Live'91 (Afrique);DIBANGO Manu;4
IDIR01;Les chasseurs de lumière (Berbère);IDIR;4
KEME01;Enez Eusa (Breton);KEMENER Yann-Fanch;4
NOUG03;Chansongs;NOUGARO Claude;3
NEGR01;Zig Zague;Les NEGRESSES VERTES;3
PALM01;La dernière année;De PALMAS Gérald;3
GUID01;Vertigo;GUIDON Jean;3
KENT01;Kent en scène;KENT;3
CURE02;Staring at the sea;The CURE;1
DION01;D'eux;DION Céline;3
NATI01;Nat(l)ive;NATIVE;3
GOLD03;Les plus grands succès;GOLD;3
SANS02;Comme ils l'imaginent;SANSON Véronique;3
MOUS04;Je chante avec toi liberté;MOUSKOURI Nana;3
ESPE02;Segundo (Brésil);ESPERANCA TRIO;4
BLON02;Dieu (reggae);BLONDY Alpha;4
HALL04;Lorada;HALLIDAY Johnny;3
PAUL01;The very best of;PAUL BILLY;1
DANS02;Best of (3 CD);Culture DANSE;5
KING03;Tapestry;KING Carole;1
MITC03;Tout Eddy;MITCHELL Eddy;3
SAPH01;Chante Oum Kalsoum;SAPHO;3
TIFO01;Swit Lozik (Réunion);TI-FOCK;4
KASS02;Majestik zouk (Antilles);KASSAV;4
TABO01;Unity (Haiti);TABOU COMBO;4
BALA02;Le chanteur;BALAVOINE;3
BALA03;L'Aziza;BALAVOINE;3
FARI01;par Aris CHRISTOFELLIS;Farinelli;0
SOLE01;Solidarite Enfant Sida;Solidarite Enfant Sida;1
CORS02;Les plus belles chansons corses;CORSICA;4
HAYE01;Branded;HAYES Isaac;1
KRAV01;Circus;KRAVITZ Lenny;1
PRIN01;The Hits 1;PRINCE;1
VIVA03;Cantate Italiane e Sonate;VIVALDI ;0
LINC01;Straight ahead;LINCOLN Abbey;2
FRES01;Night on the city;FRESU Paolo;2
SOLO01;La marmaille nue;SOLO Mano;3
FUGA01;Plus ça va;FUGAIN Michel;3
PULP01;Musique du film ;PULP FICTION;5
PRET01;Musique du film;PRET A PORTER;5
HALL05;Johnny;HALLIDAY;3
BOLT01;Greatest Hits;BOLTON Michael;1
ROSS05;La Geherentola;ROSSINI;0
VOIX01;L'art des Hautes-contre;Voix de Cristal;0
SCAR02;22 sonates;SCARLATTI Domenico;0
ADAM01;Violin concerto;ADAMS et KREMER;0
VIVA04;Musique sacrée;VIVALDI;0
CART02;Conversin' with the elders;CARTER James;2
LOUI02;Louisiana;LOUISS Eddy;2
WEAT01;Don't lay your blues on me;WEATHERSBY Carl;2
SILV01;The hardbop grandpop;SILVER Horace;2
VERT01;Nouvelles tendances du jazz;VERTIGO;2
GOSP01;& Negro Spiritual;GOSPEL;2
FITZ03;Ella at Duke's place;FITZGERALD Ella;2
ROMA01;Ombre;ROMANE;2
MOOR02;Just like you;MOORE K;2
LARA01;Mélomanie;LARA Catherine;3
LAFO02;Folklores imaginaires;LAFONTAINE Philippe;3
LIOO01;Wandatta;LIO;3
BRIL01;Havana;BRILLANT Dany;3
LAVI02;Champs du possible;LAVILLIERS Bernard;3
AUFR02;Trans Dylan;AUFRAY Hugues;3
MENG01;La mer n'existe pas;MENGO Art;3
MOUS05;Tout reste à dire;MOUSTAKI Georges;3
DALI01;Comme si j'étais là;DALIDA;3
BIRK01;Versions Jane;BIRKING Jane;3
PAGN01;Bienvenue chez moi;PAGNY Florent;3
POLN01;Live at the roxy;POLNAREFF Michel;3
KENT02;Nouba;KENT;3
LAVI03;Un zest of ...;LAVIL Philippe;3
CINE01;Musiques de films;CINE N°1;5
EVOR02;Cesaria (Cap Vert);EVORA Cesaria;4
BRES01;Musique marine Bretagne;BREST 96;4
KANZ01;Wapi Yo (Zaire);KANZA Lokua;4
BROW02;Alfagamabetizado (Brésil);BROWN Carlinhos;4
THEO01;Greece without ruins (Grèce);THEODORAKIS Mikis;4
IMUV01;à Bercy (Corse);I MUVRINI;4
WHOO02;The voice of Cornwall (G.B.);WHOOTTON Brenda;4
SHAN01;Concert for peace (Inde);SHANKAR Ravi;4
ROSA01;Chocolate (Cuba);ROSA Alma;4
MATO01;La complainte de ma mère (Kabyle);MATOUB Lounès;4
AMIG01;De mi corazon (Espagne);AMIGO Vicente;4
SOUL01;Morceaux choisis;SOUL Magic;1
STIN03;Mercury falling;STING;1
COCK02;Have a little faith;COCKER Joe;1
MORI01;Jagged little pill;MORISSETTE Alanis;1
FUGE01;The score;FUGEES;1
PINK02;The wall;PINK FLOYD;1
VANG03;Portraits;VANGELIS;1
COLE01;The best of ...;COLE Lloyd;1
SMIT01;Gone again;SMITH Patti;1
BIAN01;The best of ...;BIANCO Matt;1
IGGY01;Naughty little doggie;IGGY POP;1
MICH01;Older;MICHAEL George;1
RADI01;Volume 3;RADIO RAP;1
NABB01;Merseybeast;McNabb Ian;1
TTTT01;Brotherhood;3T (Jackson);1
ROCK03;Volume 2;Reservoir Rock;1
CURE03;Wild mood swings;The CURE;1
QUEE03;Made in heaven;QUEEN;1
CLIF02;Bets of .. 5jamaique);CLIFF Jimmy;4
GALL02;France;GALL France;3
COOL01;Gangster's Paradise;COOLIO;1
SANT02;Abraxas;SANTANA;1
HEND03;Woodstock;HENDRIX Jimi;1
DEBU05;The treasures of french composers;DEBUSSY BERLIOZ BIZET;0
BARB05;La tierra sin mal;BARBOZA Raul;4
GRAP02;Flamingo;GRAPPELLI & PETRUCCIANI;2
NOAA01;I don't know;NOA;1
TURN02;Simply the best;TURNER Tina;1
BARB06;Il me revient;BARBARA;3
DION02;Falling into you;DION Céline;1
JONE03;Sarala;JONES & SECK;2
PARK02;Belief;PARKER Léon;2
SCAR03;22 sonates;SCARLATTI Domenico;0
CASS01;New moon daughter;CASSANDRA Wilson;2
COMP02;Yo vengo aqui;COMPAY SEGUNDO;4
FRED03;Springfield;FREDERICKS Carole;1
ENFO01;la soirée des enfoirés;ENFOIRES;3
FAIT01;20 th century blues;FAITHFULL Marianne;1
YOUN07;From time to time;YOUNG Paul;3
COLL01;Dance into the light;COLLINS Phil;1
SPRI03;The ghost of Tom Joad;SPRINGSTEEN Bruce;1
COLU01;Le meilleur de coluche;COLUCHE;5
DESP01;Les réquisitoires Vol. 0;DESPROGES Pierre;5
HALL06;Anthologie vol. 3;HALLYDAY Johnny;3
TOPG01;Musique du film;TOP GUN;5
AVEC01;Musique du film;AVEC OU SANS HOMMES;5
DEBU06;Pelléas et Mélisande;DEBUSSY Claude;0
SOLA02;Paradisiaque;Mc SOLAR;3
BARB07;Yesterday les Beatles;BARBELIVIEN Didier;3
SARD02;Salut;SARDOU Michel;3
HAND01;Messiah;HANDEL;0
CLAN01;Celtic collections;CLANNAO;4
GOSP02;Best of the Mass Choirs;GOSPEL;2
MOIS02;Les poemes de Michelle;MOISE Teri;3
CHAM02;Personne n'est parfait;CHAMFORT Alain;3
LAVI04;Clair obscur;LAVILLIERS Bernard;3
RAMA01;Terra promessa;RAMAZZOTI Eros;1
OBIS01;Superflu;OBISPO Pascal;3
GOLD04;En passant;GOLDMAN Jean Jacques;3
ADIE01;Songs of sanctuary;ADIEMUS;1
COCK03;Across from Midnight;COCKER Joe;1
BARO01;Une histoire de la musique baroque;BAROQUE;0
BIZE01;Carmen  L'Arlésienne;BIZET;0
BRID02;Dear Ella;BRIDGEWATER Dee Dee;2
BARR01;Things unsee;BARRO Kenny;2
JARR06;La scala;JARRET Keith;2
COLT02;The Paris Concert;COLTRANE John;2
HOOK02;Don't look back;HOOKER John Lee;2
PETE03;Move;PETERSON Lucky;2
FERN03;Innu Nikamu;FERNANDEZ Nilda;3
GALL03;La légende de Jimmy;GALL France;3
MITC04;Mr Eddy;MITCHELL Eddy;3
LEFO02;12 Nouvelles de Brassens;LE FORESTIER Maxime;3
CROI01;Une femme;CROISILLE Nicole;3
CLER02;Julien;CLERC Julien;3
ARTH01;Fête trouble;ARTHUR H;3
LAUR01;Sentiments Naturels;LAURE Carole;3
TEMP01;All directions;TEMPTATIONS;1
ROAC01;Feel;ROACHFORD;1
FILM02;Pulp Fiction, Basic Instinct;FILM;5
PRIE01;Best of me;PRIEST Maxi;1
MAXW01;Maxwell's urban fang suite;MAXWELL;1
ENYA01;The memory of trees;ENYA;1
ZEPP02;No Quarter;ZEPPELIN Led;1
LUCI01;Antologia;LUCIA Paco de;4
OASI01;August 21;OASIS;1
FYCC01;The Finest;FYC Fine Young Cannibals;1
UBBB01;Pronmises and Lies;UB40;4
ALBI01;Una mujer como yo (salsa);ALBITA;1
DALL01;The best of;DALLA Lucio;1
BAEZ01;The very best of;BAEZ Joan;1
KOMP01;Fusion music haitienne;KOMPASTARS;4
OLDA01;Le chant basque;OLDARRA;4
FAUD01;Baida;FAUDEL;4
CAJU02;Les haricots sont pas salés;CAJUN and CREOLE Music;4
CHAR04;Tremendo delirio;CHARANGA HABANERA;4
CHEM01;Exit Planet Dust;CHEMICAL Brothers;1
MOOR03;Dark days in paradise;MOORE Gary;1
SOUL02;Time for change;SOUL II SOUL;1
NOIR01;Club$;Noir Désir;3
MENI01;The album;Men In Black;1
IAMM01;L'école du micro d'argent;I Am;3
SCHO01;String Quartet n° 1 et 2;SCHONBERG Arnold;0
LAMB01;Bach to Africa;LAMBARENA;0
STRA05;L'oiseau de feu;STRAVINSKY;0
VERD03;Requiem;VERDI Giuseppe;0
PAGA01;24 caprices;PAGANINI;0
BOCC01;Trois quintetti;BOCCHERINI Luigi;0
BERL01;La damnation de Faust;BERLIOZ;0
CARP02;Love Song;CARPENTERS;1
MECA01;Ana Jose Nacho;MECANO;3
MAXW02;Embrya;MAXWELL;1
BOYZ01;Evolution;Boyz II Men;1
SIMP02;Blue;SIMPLY RED;1
STEW02;When we were the new boys;STEWART Rod;1
GARB01;Version 2;GARBAGE;1
BJOR01;Homogenic;BJORK;1
RICH02;Time;RICHIE Lionel;1
ALLM01;Mycology an Anthology;Allmann Brothers Band;1
GUTH01;The Best of;GUTHRIE Arlo;1
TCHA02;Le lac des cygnes;TCHAIKOVSKY;0
ZUCC02;The Best of;ZUCCHERO;1
BLAN02;Taciturne cromagnon;BLANCHARD Gérard;3
HARM01;Le chant des reves;HARMONIA;5
PAGN02;Savoir aimer;PAGNY Florent;3
LEFO03;Le cahier récré;LE FORESTIER Maxime;3
SYLV01;40 ans de chansons;SYLVESTRE Anne;3
FABI01;Pure;FABIAN Lara;3
JULI01;Deux pianos;JULIETTE;3
CAPL01;Jours de fête;CAPLAN Jil;3
PRIN02;Les Nubians;PRINCESSES NUBIENNES;3
COCC01;Best;COCCIANTE Richard;3
LOUI03;Amours;Louise Attaque;3
CEUX01;Your body;Ceux Qui Marchent Debout;3
ZAZI01;Made in love;ZAZIE;3
JARR07;Odyssey through O2;JARRE J M;5
ERAA01;Ameno;ERA;3
VOIC01;...;VOICES;5
IGLE01;Tangos;IGLESIAS Julio;5
NOTR01;opéra;Notre-Dame de Paris;5
MORR02;How long has this been going on;MORRISON Van;2
PETE04;A jazz portrait of Frank Sinatra;PETERSON Oscar;2
MING01;The complete town hall concert;MINGUS Charles;2
JONE04;Bossa Nova;JONES Quincy;2
SANC01;Obsesion;SANCHEZ David;2
ALLI03;'Gator Blues;Alligator;2
GETZ03;Jazz samba;GETZ Stan;1
MCDO01;The first recordings;Mc DOWELL Fred;2
SOUL03;Mega Soul;SOUL;1
MANA01;Panique celtique;MANAU;3
AISS01;Chira France (raï);AISSA Cheb;4
MART01;O péyi (antillais);MARTHLEY Jean Philippe;4
HASH01;Il a fallu;HASHEEM;3
AMAD01;Sou ni tilé (mali);AMADOU et MARIAM;4
MATT01;Before these crowded streets;MATTHEWS Dave Band;1
BONI01;Alger, Alger (algérie);BONICHE Lili;4
TRIY01;La veillée du 3eme millénaire;TRI YANN;4
AUBE01;Concert privé;AUBERT Jean-Louis;3
TROO01;Mayday;TROOP;1
COHE01;Songs of ...;COHEN Léonard;1
RADI02;Rumba Argelina (méditerranée);Radio Tarifa;4
